-- --------------------------------------------------------
-- Host:                         172.18.80.201
-- Server version:               10.1.13-MariaDB - mariadb.org binary distribution
-- Server OS:                    Win32
-- HeidiSQL Version:             9.3.0.4984
-- --------------------------------------------------------

/*!40101 SET @OLD_CHARACTER_SET_CLIENT=@@CHARACTER_SET_CLIENT */;
/*!40101 SET NAMES utf8mb4 */;
/*!40014 SET @OLD_FOREIGN_KEY_CHECKS=@@FOREIGN_KEY_CHECKS, FOREIGN_KEY_CHECKS=0 */;
/*!40101 SET @OLD_SQL_MODE=@@SQL_MODE, SQL_MODE='NO_AUTO_VALUE_ON_ZERO' */;

-- Dumping structure for table solid.hlsp
CREATE TABLE IF NOT EXISTS `hlsp` (
  `id` int(11) NOT NULL AUTO_INCREMENT,
  `id_solid` varchar(100) DEFAULT NULL,
  `name_class` varchar(100) DEFAULT NULL,
  `vlsp` varchar(100) DEFAULT NULL,
  PRIMARY KEY (`id`)
) ENGINE=InnoDB AUTO_INCREMENT=128 DEFAULT CHARSET=latin1;

-- Dumping data for table solid.hlsp: ~115 rows (approximately)
/*!40000 ALTER TABLE `hlsp` DISABLE KEYS */;
INSERT INTO `hlsp` (`id`, `id_solid`, `name_class`, `vlsp`) VALUES
	(1, 'Solidjwxs1gn6k7', 'closable', 'TIDAK'),
	(2, 'Solidjwxs1gn6k7', 'flushable', 'TIDAK'),
	(3, 'Solidjwxs1gn6k7', 'closable', 'TIDAK'),
	(4, 'Solidjwxs1gn6k7', 'flushable', 'TIDAK'),
	(5, 'Solidjwxs1gn6k7', 'closable', 'TIDAK'),
	(6, 'Solidjwxs1gn6k7', 'flushable', 'TIDAK'),
	(7, 'Solidjwxs1gn6k7', 'closable', 'TIDAK'),
	(8, 'Solidjwxs1gn6k7', 'flushable', 'TIDAK'),
	(9, 'Solidjwxs1gn6k7', 'closable', 'TIDAK'),
	(10, 'Solidjwxs1gn6k7', 'flushable', 'TIDAK'),
	(11, 'Solidjwxs1gn6k7', 'closable', 'TIDAK'),
	(12, 'Solidjwxs1gn6k7', 'flushable', 'TIDAK'),
	(13, 'Solidjwxs1gn6k7', 'closable', 'TIDAK'),
	(14, 'Solidjwxs1gn6k7', 'flushable', 'TIDAK'),
	(15, 'Solidjwxs1gn6k7', 'closable', 'TIDAK'),
	(16, 'Solidjwxs1gn6k7', 'flushable', 'TIDAK'),
	(17, 'Solidjwxs1gn6k7', 'closable', 'TIDAK'),
	(18, 'Solidjwxs1gn6k7', 'flushable', 'TIDAK'),
	(19, 'Solidjwxs1gn6k7', 'closable', 'TIDAK'),
	(20, 'Solidjwxs1gn6k7', 'flushable', 'TIDAK'),
	(21, 'Solidjwxs1gn6k7', 'closable', 'TIDAK'),
	(22, 'Solidjwxs1gn6k7', 'flushable', 'TIDAK'),
	(23, 'Solidjwxs1gn6k7', 'closable', 'TIDAK'),
	(24, 'Solidjwxs1gn6k7', 'flushable', 'TIDAK'),
	(25, 'Solidjwxs1gn6k7', 'closable', 'TIDAK'),
	(26, 'Solidjwxs1gn6k7', 'flushable', 'TIDAK'),
	(27, 'Solidjwxs1gn6k7', 'closable', 'TIDAK'),
	(28, 'Solidjwxs1gn6k7', 'flushable', 'TIDAK'),
	(29, 'Solidjwxs1gn6k7', 'closable', 'TIDAK'),
	(30, 'Solidjwxs1gn6k7', 'flushable', 'TIDAK'),
	(31, 'Solidjwxs1gn6k7', 'closable', 'TIDAK'),
	(32, 'Solidjwxs1gn6k7', 'flushable', 'TIDAK'),
	(33, 'Solidw832d1qfjb', 'command', 'YA'),
	(34, 'Solidw832d1qfjb', 'command', 'YA'),
	(35, 'Solidw832d1qfjb', 'target', 'TIDAK'),
	(36, 'Solidw832d1qfjb', 'command', 'YA'),
	(37, 'Solidw832d1qfjb', 'command', 'YA'),
	(38, 'Solidw832d1qfjb', 'target', 'TIDAK'),
	(39, 'Solidj3rst257ud', 'command', 'YA'),
	(40, 'Solidj3rst257ud', 'command', 'YA'),
	(41, 'Solidj3rst257ud', 'target', 'TIDAK'),
	(42, 'Solidj3rst257ud', 'command', 'YA'),
	(43, 'Solidj3rst257ud', 'command', 'YA'),
	(44, 'Solidj3rst257ud', 'target', 'TIDAK'),
	(45, 'Solidj3rst257ud', 'command', 'YA'),
	(46, 'Solidj3rst257ud', 'command', 'YA'),
	(47, 'Solidj3rst257ud', 'target', 'TIDAK'),
	(48, 'Solidj3rst257ud', 'command', 'YA'),
	(49, 'Solidj3rst257ud', 'command', 'YA'),
	(50, 'Solidj3rst257ud', 'target', 'TIDAK'),
	(51, 'Solidanrbw7lzk4', 'command', 'YA'),
	(52, 'Solidanrbw7lzk4', 'command', 'YA'),
	(53, 'Solidanrbw7lzk4', 'target', 'TIDAK'),
	(54, 'Solidanrbw7lzk4', 'command', 'YA'),
	(55, 'Solidanrbw7lzk4', 'command', 'YA'),
	(56, 'Solidanrbw7lzk4', 'target', 'TIDAK'),
	(57, 'Solidanrbw7lzk4', 'command', 'YA'),
	(58, 'Solidanrbw7lzk4', 'command', 'YA'),
	(59, 'Solidanrbw7lzk4', 'target', 'YA'),
	(60, 'Solidanrbw7lzk4', 'command', 'YA'),
	(61, 'Solidanrbw7lzk4', 'command', 'YA'),
	(62, 'Solidanrbw7lzk4', 'target', 'YA'),
	(63, 'Solidanrbw7lzk4', 'command', 'YA'),
	(64, 'Solidanrbw7lzk4', 'command', 'YA'),
	(65, 'Solidanrbw7lzk4', 'target', 'YA'),
	(66, 'Solidanrbw7lzk4', 'command', 'TIDAK'),
	(67, 'Solidanrbw7lzk4', 'command', 'TIDAK'),
	(68, 'Solidanrbw7lzk4', 'target', 'YA'),
	(69, 'Solidanrbw7lzk4', 'command', 'TIDAK'),
	(70, 'Solidanrbw7lzk4', 'command', 'TIDAK'),
	(71, 'Solidanrbw7lzk4', 'target', 'YA'),
	(72, 'Solidanrbw7lzk4', 'command', 'YA'),
	(73, 'Solidanrbw7lzk4', 'command', 'YA'),
	(74, 'Solidanrbw7lzk4', 'target', 'YA'),
	(75, 'Solidpwbg8yvklz', 'command', 'YA'),
	(76, 'Solidpwbg8yvklz', 'command', 'YA'),
	(77, 'Solidpwbg8yvklz', 'target', 'YA'),
	(78, 'Solidpwbg8yvklz', 'command', 'YA'),
	(79, 'Solidpwbg8yvklz', 'command', 'YA'),
	(80, 'Solidpwbg8yvklz', 'target', 'YA'),
	(81, 'Solidpwbg8yvklz', 'command', 'YA'),
	(82, 'Solidpwbg8yvklz', 'command', 'YA'),
	(83, 'Solidpwbg8yvklz', 'target', 'YA'),
	(84, 'Solidpwbg8yvklz', 'command', 'YA'),
	(85, 'Solidpwbg8yvklz', 'command', 'YA'),
	(86, 'Solidpwbg8yvklz', 'target', 'YA'),
	(87, 'Solidpyksnfro89', 'command', 'YA'),
	(88, 'Solidpyksnfro89', 'command', 'YA'),
	(89, 'Solidpyksnfro89', 'target', 'YA'),
	(90, 'Solidpyksnfro89', 'command', 'YA'),
	(91, 'Solidpyksnfro89', 'command', 'YA'),
	(92, 'Solidpyksnfro89', 'target', 'YA'),
	(93, 'Solidpyksnfro89', 'command', 'YA'),
	(94, 'Solidpyksnfro89', 'command', 'YA'),
	(95, 'Solidpyksnfro89', 'target', 'YA'),
	(96, 'Solidpyksnfro89', 'command', 'YA'),
	(97, 'Solidpyksnfro89', 'command', 'YA'),
	(98, 'Solidpyksnfro89', 'target', 'YA'),
	(99, 'Soliddlsbq86nz9', 'command', 'YA'),
	(100, 'Soliddlsbq86nz9', 'target', 'YA'),
	(101, 'Soliddlsbq86nz9', 'command', 'YA'),
	(102, 'Soliddlsbq86nz9', 'command', 'YA'),
	(103, 'Soliddlsbq86nz9', 'target', 'YA'),
	(104, 'Soliddlsbq86nz9', 'command', 'YA'),
	(105, 'Soliddlsbq86nz9', 'command', 'YA'),
	(106, 'Soliddlsbq86nz9', 'target', 'YA'),
	(107, 'Soliddlsbq86nz9', 'command', 'YA'),
	(108, 'Soliddlsbq86nz9', 'command', 'YA'),
	(109, 'Soliddlsbq86nz9', 'target', 'YA'),
	(110, 'Soliddlsbq86nz9', 'command', 'YA'),
	(111, 'Soliddlsbq86nz9', 'command', 'YA'),
	(112, 'Soliddlsbq86nz9', 'target', 'YA'),
	(113, 'Soliddlsbq86nz9', 'command', 'YA'),
	(114, 'Soliddlsbq86nz9', 'command', 'YA'),
	(115, 'Soliddlsbq86nz9', 'target', 'YA'),
	(116, 'Solid1mjoukf925', 'command', 'YA'),
	(117, 'Solid1mjoukf925', 'command', 'YA'),
	(118, 'Solid1mjoukf925', 'target', 'YA'),
	(119, 'Solid1mjoukf925', 'command', 'YA'),
	(120, 'Solid1mjoukf925', 'command', 'YA'),
	(121, 'Solid1mjoukf925', 'target', 'YA'),
	(122, 'Solid1mjoukf925', 'command', 'YA'),
	(123, 'Solid1mjoukf925', 'command', 'YA'),
	(124, 'Solid1mjoukf925', 'target', 'YA'),
	(125, 'Solid1mjoukf925', 'command', 'YA'),
	(126, 'Solid1mjoukf925', 'command', 'YA'),
	(127, 'Solid1mjoukf925', 'target', 'YA');
/*!40000 ALTER TABLE `hlsp` ENABLE KEYS */;


-- Dumping structure for table solid.hsrp
CREATE TABLE IF NOT EXISTS `hsrp` (
  `id` int(11) NOT NULL AUTO_INCREMENT,
  `id_solid` varchar(100) DEFAULT NULL,
  `name_class` varchar(100) DEFAULT NULL,
  `vsrp` varchar(100) DEFAULT NULL,
  PRIMARY KEY (`id`)
) ENGINE=InnoDB AUTO_INCREMENT=213 DEFAULT CHARSET=latin1;

-- Dumping data for table solid.hsrp: ~194 rows (approximately)
/*!40000 ALTER TABLE `hsrp` DISABLE KEYS */;
INSERT INTO `hsrp` (`id`, `id_solid`, `name_class`, `vsrp`) VALUES
	(1, 'Solidjwxs1gn6k7', 'outputstream', 'YA'),
	(2, 'Solidjwxs1gn6k7', 'flushable', 'YA'),
	(3, 'Solidjwxs1gn6k7', 'closable', 'YA'),
	(4, 'Solidjwxs1gn6k7', 'outputstream_b', 'YA'),
	(5, 'Solidjwxs1gn6k7', 'outputstream_a', 'YA'),
	(6, 'Solidjwxs1gn6k7', 'closable', 'YA'),
	(7, 'Solidjwxs1gn6k7', 'flushable', 'YA'),
	(8, 'Solidjwxs1gn6k7', 'outputstream', 'YA'),
	(9, 'Solidjwxs1gn6k7', 'outputstream_b', 'YA'),
	(10, 'Solidjwxs1gn6k7', 'outputstream_a', 'YA'),
	(11, 'Solidjwxs1gn6k7', 'closable', 'YA'),
	(12, 'Solidjwxs1gn6k7', 'flushable', 'YA'),
	(13, 'Solidjwxs1gn6k7', 'outputstream_a', 'YA'),
	(14, 'Solidjwxs1gn6k7', 'outputstream', 'YA'),
	(15, 'Solidjwxs1gn6k7', 'outputstream_b', 'YA'),
	(16, 'Solidjwxs1gn6k7', 'closable', 'YA'),
	(17, 'Solidjwxs1gn6k7', 'outputstream_b', 'YA'),
	(18, 'Solidjwxs1gn6k7', 'outputstream_a', 'YA'),
	(19, 'Solidjwxs1gn6k7', 'outputstream', 'YA'),
	(20, 'Solidjwxs1gn6k7', 'flushable', 'YA'),
	(21, 'Solidjwxs1gn6k7', 'closable', 'YA'),
	(22, 'Solidjwxs1gn6k7', 'flushable', 'YA'),
	(23, 'Solidjwxs1gn6k7', 'outputstream_a', 'YA'),
	(24, 'Solidjwxs1gn6k7', 'outputstream_b', 'YA'),
	(25, 'Solidjwxs1gn6k7', 'outputstream', 'YA'),
	(26, 'Solidjwxs1gn6k7', 'flushable', 'YA'),
	(27, 'Solidjwxs1gn6k7', 'closable', 'YA'),
	(28, 'Solidjwxs1gn6k7', 'outputstream', 'YA'),
	(29, 'Solidjwxs1gn6k7', 'outputstream_a', 'YA'),
	(30, 'Solidjwxs1gn6k7', 'outputstream_b', 'YA'),
	(31, 'Solidjwxs1gn6k7', 'outputstream_b', 'YA'),
	(32, 'Solidjwxs1gn6k7', 'closable', 'YA'),
	(33, 'Solidjwxs1gn6k7', 'outputstream', 'YA'),
	(34, 'Solidjwxs1gn6k7', 'flushable', 'YA'),
	(35, 'Solidjwxs1gn6k7', 'outputstream_a', 'YA'),
	(36, 'Solidjwxs1gn6k7', 'closable', 'YA'),
	(37, 'Solidjwxs1gn6k7', 'flushable', 'YA'),
	(38, 'Solidjwxs1gn6k7', 'outputstream', 'YA'),
	(39, 'Solidjwxs1gn6k7', 'outputstream_a', 'YA'),
	(40, 'Solidjwxs1gn6k7', 'outputstream_b', 'YA'),
	(41, 'Solidjwxs1gn6k7', 'closable', 'YA'),
	(42, 'Solidjwxs1gn6k7', 'flushable', 'YA'),
	(43, 'Solidjwxs1gn6k7', 'outputstream', 'YA'),
	(44, 'Solidjwxs1gn6k7', 'outputstream_a', 'YA'),
	(45, 'Solidjwxs1gn6k7', 'outputstream_b', 'YA'),
	(46, 'Solidjwxs1gn6k7', 'closable', 'YA'),
	(47, 'Solidjwxs1gn6k7', 'flushable', 'YA'),
	(48, 'Solidjwxs1gn6k7', 'outputstream_a', 'YA'),
	(49, 'Solidjwxs1gn6k7', 'outputstream', 'YA'),
	(50, 'Solidjwxs1gn6k7', 'outputstream_b', 'YA'),
	(51, 'Solidjwxs1gn6k7', 'closable', 'YA'),
	(52, 'Solidjwxs1gn6k7', 'flushable', 'YA'),
	(53, 'Solidjwxs1gn6k7', 'outputstream', 'YA'),
	(54, 'Solidjwxs1gn6k7', 'outputstream_a', 'YA'),
	(55, 'Solidjwxs1gn6k7', 'outputstream_b', 'YA'),
	(56, 'Solidjwxs1gn6k7', 'closable', 'YA'),
	(57, 'Solidjwxs1gn6k7', 'outputstream', 'YA'),
	(58, 'Solidjwxs1gn6k7', 'flushable', 'YA'),
	(59, 'Solidjwxs1gn6k7', 'outputstream_a', 'YA'),
	(60, 'Solidjwxs1gn6k7', 'outputstream_b', 'YA'),
	(61, 'Solidjwxs1gn6k7', 'closable', 'YA'),
	(62, 'Solidjwxs1gn6k7', 'outputstream_a', 'YA'),
	(63, 'Solidjwxs1gn6k7', 'flushable', 'YA'),
	(64, 'Solidjwxs1gn6k7', 'outputstream', 'YA'),
	(65, 'Solidjwxs1gn6k7', 'outputstream_b', 'YA'),
	(66, 'Solidjwxs1gn6k7', 'closable', 'YA'),
	(67, 'Solidjwxs1gn6k7', 'outputstream', 'YA'),
	(68, 'Solidjwxs1gn6k7', 'outputstream_b', 'YA'),
	(69, 'Solidjwxs1gn6k7', 'flushable', 'YA'),
	(70, 'Solidjwxs1gn6k7', 'outputstream_a', 'YA'),
	(71, 'Solidjwxs1gn6k7', 'closable', 'YA'),
	(72, 'Solidjwxs1gn6k7', 'flushable', 'YA'),
	(73, 'Solidjwxs1gn6k7', 'outputstream', 'YA'),
	(74, 'Solidjwxs1gn6k7', 'outputstream_a', 'YA'),
	(75, 'Solidjwxs1gn6k7', 'outputstream_b', 'YA'),
	(76, 'Solidw832d1qfjb', 'command', 'YA'),
	(77, 'Solidw832d1qfjb', 'goblin', 'YA'),
	(78, 'Solidw832d1qfjb', 'invisibilityspell', 'YA'),
	(79, 'Solidw832d1qfjb', 'target', 'YA'),
	(80, 'Solidw832d1qfjb', 'shrinkspell', 'YA'),
	(81, 'Solidw832d1qfjb', 'wizard', 'YA'),
	(82, 'Solidj3rst257ud', 'command', 'YA'),
	(83, 'Solidj3rst257ud', 'goblin', 'YA'),
	(84, 'Solidj3rst257ud', 'invisibilityspell', 'YA'),
	(85, 'Solidj3rst257ud', 'target', 'YA'),
	(86, 'Solidj3rst257ud', 'shrinkspell', 'YA'),
	(87, 'Solidj3rst257ud', 'wizard', 'YA'),
	(88, 'Solidanrbw7lzk4', 'command', 'YA'),
	(89, 'Solidanrbw7lzk4', 'command', 'YA'),
	(90, 'Solidanrbw7lzk4', 'target', 'YA'),
	(91, 'Solidanrbw7lzk4', 'goblin', 'YA'),
	(92, 'Solidanrbw7lzk4', 'wizard', 'YA'),
	(93, 'Solidanrbw7lzk4', 'invisibilityspell', 'YA'),
	(94, 'Solidanrbw7lzk4', 'shrinkspell', 'YA'),
	(95, 'Solidanrbw7lzk4', 'command', 'YA'),
	(96, 'Solidanrbw7lzk4', 'invisibilityspell', 'YA'),
	(97, 'Solidanrbw7lzk4', 'goblin', 'YA'),
	(98, 'Solidanrbw7lzk4', 'shrinkspell', 'YA'),
	(99, 'Solidanrbw7lzk4', 'target', 'YA'),
	(100, 'Solidanrbw7lzk4', 'wizard', 'YA'),
	(101, 'Solidpwbg8yvklz', 'target', 'YA'),
	(102, 'Solidpwbg8yvklz', 'goblin', 'YA'),
	(103, 'Solidpwbg8yvklz', 'command', 'YA'),
	(104, 'Solidpwbg8yvklz', 'shrinkspell', 'YA'),
	(105, 'Solidpwbg8yvklz', 'invisibilityspell', 'YA'),
	(106, 'Solidpwbg8yvklz', 'wizard', 'YA'),
	(107, 'Solidpwbg8yvklz', 'command', 'YA'),
	(108, 'Solidpwbg8yvklz', 'goblin', 'YA'),
	(109, 'Solidpwbg8yvklz', 'shrinkspell', 'YA'),
	(110, 'Solidpwbg8yvklz', 'invisibilityspell', 'YA'),
	(111, 'Solidpwbg8yvklz', 'wizard', 'YA'),
	(112, 'Solidpwbg8yvklz', 'target', 'YA'),
	(113, 'Solidpyksnfro89', 'target', 'YA'),
	(114, 'Solidpyksnfro89', 'wizard', 'YA'),
	(115, 'Solidpyksnfro89', 'command', 'YA'),
	(116, 'Solidpyksnfro89', 'goblin', 'YA'),
	(117, 'Solidpyksnfro89', 'target', 'YA'),
	(118, 'Solidpyksnfro89', 'goblin', 'YA'),
	(119, 'Solidpyksnfro89', 'command', 'YA'),
	(120, 'Solidpyksnfro89', 'invisibilityspell', 'YA'),
	(121, 'Solidpyksnfro89', 'wizard', 'YA'),
	(122, 'Solidpyksnfro89', 'shrinkspell', 'YA'),
	(123, 'Solidpyksnfro89', 'command', 'YA'),
	(124, 'Solidpyksnfro89', 'goblin', 'YA'),
	(125, 'Solidpyksnfro89', 'invisibilityspell', 'YA'),
	(126, 'Solidpyksnfro89', 'shrinkspell', 'YA'),
	(127, 'Solidpyksnfro89', 'target', 'YA'),
	(128, 'Solidpyksnfro89', 'wizard', 'YA'),
	(129, 'Solidpyksnfro89', 'command', 'YA'),
	(130, 'Solidpyksnfro89', 'target', 'YA'),
	(131, 'Solidpyksnfro89', 'invisibilityspell', 'YA'),
	(132, 'Solidpyksnfro89', 'shrinkspell', 'YA'),
	(133, 'Solidpyksnfro89', 'wizard', 'YA'),
	(134, 'Solidpyksnfro89', 'goblin', 'YA'),
	(135, 'Soliddlsbq86nz9', 'command', 'YA'),
	(136, 'Soliddlsbq86nz9', 'command', 'YA'),
	(137, 'Soliddlsbq86nz9', 'shrinkspell', 'YA'),
	(138, 'Soliddlsbq86nz9', 'command', 'YA'),
	(139, 'Soliddlsbq86nz9', 'invisibilityspell', 'YA'),
	(140, 'Soliddlsbq86nz9', 'shrinkspell', 'YA'),
	(141, 'Soliddlsbq86nz9', 'command', 'YA'),
	(142, 'Soliddlsbq86nz9', 'invisibilityspell', 'YA'),
	(143, 'Soliddlsbq86nz9', 'shrinkspell', 'YA'),
	(144, 'Soliddlsbq86nz9', 'invisibilityspell', 'YA'),
	(145, 'Soliddlsbq86nz9', 'shrinkspell', 'YA'),
	(146, 'Soliddlsbq86nz9', 'command', 'YA'),
	(147, 'Soliddlsbq86nz9', 'command', 'YA'),
	(148, 'Soliddlsbq86nz9', 'invisibilityspell', 'YA'),
	(149, 'Soliddlsbq86nz9', 'shrinkspell', 'YA'),
	(150, 'Soliddlsbq86nz9', 'command', 'YA'),
	(151, 'Soliddlsbq86nz9', 'shrinkspell', 'YA'),
	(152, 'Soliddlsbq86nz9', 'invisibilityspell', 'YA'),
	(153, 'Soliddlsbq86nz9', 'shrinkspell', 'YA'),
	(154, 'Soliddlsbq86nz9', 'command', 'YA'),
	(155, 'Soliddlsbq86nz9', 'invisibilityspell', 'YA'),
	(156, 'Soliddlsbq86nz9', 'shrinkspell', 'YA'),
	(157, 'Soliddlsbq86nz9', 'invisibilityspell', 'YA'),
	(158, 'Soliddlsbq86nz9', 'command', 'YA'),
	(159, 'Soliddlsbq86nz9', 'shrinkspell', 'YA'),
	(160, 'Soliddlsbq86nz9', 'invisibilityspell', 'YA'),
	(161, 'Soliddlsbq86nz9', 'command', 'YA'),
	(162, 'Soliddlsbq86nz9', 'command', 'YA'),
	(163, 'Soliddlsbq86nz9', 'shrinkspell', 'YA'),
	(164, 'Soliddlsbq86nz9', 'invisibilityspell', 'YA'),
	(165, 'Soliddlsbq86nz9', 'shrinkspell', 'YA'),
	(166, 'Soliddlsbq86nz9', 'target', 'YA'),
	(167, 'Soliddlsbq86nz9', 'invisibilityspell', 'YA'),
	(168, 'Soliddlsbq86nz9', 'command', 'YA'),
	(169, 'Soliddlsbq86nz9', 'goblin', 'YA'),
	(170, 'Soliddlsbq86nz9', 'wizard', 'YA'),
	(171, 'Soliddlsbq86nz9', 'command', 'YA'),
	(172, 'Soliddlsbq86nz9', 'goblin', 'YA'),
	(173, 'Soliddlsbq86nz9', 'target', 'YA'),
	(174, 'Soliddlsbq86nz9', 'invisibilityspell', 'YA'),
	(175, 'Soliddlsbq86nz9', 'wizard', 'YA'),
	(176, 'Soliddlsbq86nz9', 'shrinkspell', 'YA'),
	(177, 'Soliddlsbq86nz9', 'goblin', 'YA'),
	(178, 'Soliddlsbq86nz9', 'invisibilityspell', 'YA'),
	(179, 'Soliddlsbq86nz9', 'command', 'YA'),
	(180, 'Soliddlsbq86nz9', 'target', 'YA'),
	(181, 'Soliddlsbq86nz9', 'wizard', 'YA'),
	(182, 'Soliddlsbq86nz9', 'shrinkspell', 'YA'),
	(183, 'Soliddlsbq86nz9', 'goblin', 'YA'),
	(184, 'Soliddlsbq86nz9', 'target', 'YA'),
	(185, 'Soliddlsbq86nz9', 'command', 'YA'),
	(186, 'Soliddlsbq86nz9', 'invisibilityspell', 'YA'),
	(187, 'Soliddlsbq86nz9', 'shrinkspell', 'YA'),
	(188, 'Soliddlsbq86nz9', 'wizard', 'YA'),
	(189, 'Soliddlsbq86nz9', 'goblin', 'YA'),
	(190, 'Soliddlsbq86nz9', 'shrinkspell', 'YA'),
	(191, 'Soliddlsbq86nz9', 'target', 'YA'),
	(192, 'Soliddlsbq86nz9', 'command', 'YA'),
	(193, 'Soliddlsbq86nz9', 'invisibilityspell', 'YA'),
	(194, 'Soliddlsbq86nz9', 'wizard', 'YA'),
	(195, 'Solid1mjoukf925', 'shrinkspell', 'YA'),
	(196, 'Solid1mjoukf925', 'invisibilityspell', 'YA'),
	(197, 'Solid1mjoukf925', 'goblin', 'YA'),
	(198, 'Solid1mjoukf925', 'command', 'YA'),
	(199, 'Solid1mjoukf925', 'target', 'YA'),
	(200, 'Solid1mjoukf925', 'wizard', 'YA'),
	(201, 'Solid1mjoukf925', 'goblin', 'YA'),
	(202, 'Solid1mjoukf925', 'command', 'YA'),
	(203, 'Solid1mjoukf925', 'target', 'YA'),
	(204, 'Solid1mjoukf925', 'shrinkspell', 'YA'),
	(205, 'Solid1mjoukf925', 'invisibilityspell', 'YA'),
	(206, 'Solid1mjoukf925', 'wizard', 'YA'),
	(207, 'Solid1mjoukf925', 'goblin', 'YA'),
	(208, 'Solid1mjoukf925', 'target', 'YA'),
	(209, 'Solid1mjoukf925', 'command', 'YA'),
	(210, 'Solid1mjoukf925', 'shrinkspell', 'YA'),
	(211, 'Solid1mjoukf925', 'invisibilityspell', 'YA'),
	(212, 'Solid1mjoukf925', 'wizard', 'YA');
/*!40000 ALTER TABLE `hsrp` ENABLE KEYS */;


-- Dumping structure for table solid.tbl_class
CREATE TABLE IF NOT EXISTS `tbl_class` (
  `id_class` int(11) NOT NULL AUTO_INCREMENT,
  `id_solid` varchar(50) NOT NULL,
  `id_users` int(11) NOT NULL DEFAULT '0',
  `name_class` varchar(50) NOT NULL,
  `class_induk` varchar(50) NOT NULL,
  `type_class` varchar(50) NOT NULL,
  `name_parent` varchar(50) NOT NULL,
  `isInduk` int(5) NOT NULL DEFAULT '0',
  `created_at` timestamp NOT NULL DEFAULT CURRENT_TIMESTAMP ON UPDATE CURRENT_TIMESTAMP,
  `updated_at` timestamp NULL DEFAULT NULL ON UPDATE CURRENT_TIMESTAMP,
  PRIMARY KEY (`id_class`)
) ENGINE=InnoDB AUTO_INCREMENT=71 DEFAULT CHARSET=utf8mb4;

-- Dumping data for table solid.tbl_class: ~17 rows (approximately)
/*!40000 ALTER TABLE `tbl_class` DISABLE KEYS */;
INSERT INTO `tbl_class` (`id_class`, `id_solid`, `id_users`, `name_class`, `class_induk`, `type_class`, `name_parent`, `isInduk`, `created_at`, `updated_at`) VALUES
	(16, 'Solidpyksnfro89', 4, 'wizard', '', 'class', 'concrete', 1, '2020-12-15 13:31:15', '2020-12-15 13:31:15'),
	(20, 'Solidpyksnfro89', 4, 'target', '', 'class', 'abstract', 1, '2020-12-15 13:31:16', '2020-12-15 13:31:16'),
	(22, 'Solidpyksnfro89', 4, 'shrinkspell', 'command', 'subclass', 'abstract', 0, '2020-12-15 13:31:17', '2020-12-15 13:31:17'),
	(24, 'Solidpyksnfro89', 4, 'invisibilityspell', 'command', 'subclass', 'abstract', 0, '2020-12-15 13:31:17', '2020-12-15 13:31:17'),
	(58, 'Solidpyksnfro89', 4, 'goblin', 'target', 'subclass', 'concrete', 0, '2020-12-15 13:31:18', '2020-12-15 13:31:18'),
	(59, 'Solidjwxs1gn6k7', 4, 'closable', '', 'class', 'interface', 1, '2020-11-30 22:31:59', '2020-11-30 22:31:59'),
	(60, 'Solidjwxs1gn6k7', 4, 'flushable', '', 'class', 'interface', 1, '2020-11-30 22:32:02', '2020-11-30 22:32:02'),
	(61, 'Solidjwxs1gn6k7', 4, 'outputstream', '', 'class', 'abstract', 1, '2020-11-30 22:32:04', '2020-11-30 22:32:04'),
	(62, 'Solidjwxs1gn6k7', 4, 'outputstream_a', 'closable', 'subclass', 'abstract', 0, '2020-11-30 22:32:06', '2020-11-30 22:32:06'),
	(63, 'Solidjwxs1gn6k7', 4, 'outputstream_b', 'flushable', 'subclass', 'abstract', 0, '2020-11-30 22:32:12', '2020-11-30 22:32:12'),
	(64, 'Solidpyksnfro89', 4, 'command', '', 'class', 'abstract', 1, '2020-12-15 14:08:23', '2020-12-15 14:08:23'),
	(65, 'Solid30qkxnc194', 4, 'command', '', 'class', 'abstract', 1, '2020-12-16 14:21:41', '2020-12-16 14:21:41'),
	(66, 'Solid30qkxnc194', 4, 'shrinkspell', 'command', 'subclass', 'concrete', 0, '2020-12-16 14:21:41', '2020-12-16 14:21:41'),
	(67, 'Solid30qkxnc194', 4, 'invisibilityspell', 'command', 'subclass', 'concrete', 0, '2020-12-16 14:21:42', '2020-12-16 14:21:42'),
	(68, 'Solid30qkxnc194', 4, 'target', '', 'class', 'abstract', 1, '2020-12-16 14:21:42', '2020-12-16 14:21:42'),
	(69, 'Solid30qkxnc194', 4, 'goblin', 'target', 'subclass', 'concrete', 0, '2020-12-16 14:21:43', '2020-12-16 14:21:43'),
	(70, 'Solid30qkxnc194', 4, 'wizard', '', 'class', 'concrete', 1, '2020-12-16 14:21:43', '2020-12-16 14:21:43');
/*!40000 ALTER TABLE `tbl_class` ENABLE KEYS */;


-- Dumping structure for table solid.tbl_field
CREATE TABLE IF NOT EXISTS `tbl_field` (
  `id_field` int(11) NOT NULL AUTO_INCREMENT,
  `id_class` int(11) DEFAULT NULL,
  `name_field` varchar(50) NOT NULL,
  `typedata` varchar(50) NOT NULL,
  `isStatus` bit(1) NOT NULL DEFAULT b'0',
  `created_at` timestamp NOT NULL DEFAULT CURRENT_TIMESTAMP ON UPDATE CURRENT_TIMESTAMP,
  `updated_at` timestamp NULL DEFAULT NULL ON UPDATE CURRENT_TIMESTAMP,
  PRIMARY KEY (`id_field`),
  KEY `FK_tbl_field_tbl_class` (`id_class`),
  CONSTRAINT `FK_tbl_field_tbl_class` FOREIGN KEY (`id_class`) REFERENCES `tbl_class` (`id_class`) ON DELETE CASCADE ON UPDATE CASCADE
) ENGINE=InnoDB AUTO_INCREMENT=22 DEFAULT CHARSET=utf8mb4;

-- Dumping data for table solid.tbl_field: ~18 rows (approximately)
/*!40000 ALTER TABLE `tbl_field` DISABLE KEYS */;
INSERT INTO `tbl_field` (`id_field`, `id_class`, `name_field`, `typedata`, `isStatus`, `created_at`, `updated_at`) VALUES
	(4, 16, 'logger', 'logger', b'0', '2020-11-12 16:05:08', NULL),
	(5, 16, 'undostack', 'deque<command>', b'0', '2020-11-12 16:05:08', NULL),
	(6, 16, 'redostack', 'deque<command>', b'0', '2020-11-12 16:05:09', NULL),
	(7, 20, 'logger', 'logger', b'0', '2020-11-13 08:51:47', NULL),
	(8, 20, 'size', 'size', b'0', '2020-11-13 08:51:47', NULL),
	(9, 20, 'visibility', 'visibility', b'0', '2020-11-13 08:51:47', NULL),
	(10, 22, 'target', 'target', b'0', '2020-11-13 10:20:51', NULL),
	(11, 22, 'oldsize', 'size', b'0', '2020-11-13 10:20:51', NULL),
	(12, 24, 'target', 'target', b'0', '2020-11-13 14:11:15', NULL),
	(13, 66, 'target', 'target', b'0', '2020-12-15 14:50:46', NULL),
	(14, 66, 'oldsize', 'size', b'0', '2020-12-15 14:50:46', NULL),
	(15, 67, 'target', 'target', b'0', '2020-12-15 15:16:48', NULL),
	(16, 68, 'logger', 'logger', b'0', '2020-12-15 15:55:11', NULL),
	(17, 68, 'size', 'size', b'0', '2020-12-15 15:55:11', NULL),
	(18, 68, 'visibility', 'visibility', b'0', '2020-12-15 15:55:11', NULL),
	(19, 70, 'logger', 'logger', b'0', '2020-12-16 16:27:47', '2020-12-16 16:27:47'),
	(20, 70, 'undostack', 'command', b'0', '2020-12-15 16:04:25', NULL),
	(21, 70, 'redostack', 'command', b'0', '2020-12-15 16:04:25', NULL);
/*!40000 ALTER TABLE `tbl_field` ENABLE KEYS */;


-- Dumping structure for table solid.tbl_hasil
CREATE TABLE IF NOT EXISTS `tbl_hasil` (
  `id_hasil` int(11) NOT NULL AUTO_INCREMENT,
  `id_users` int(11) DEFAULT NULL,
  `id_solid` varchar(100) DEFAULT NULL,
  `val_srp` int(5) DEFAULT NULL,
  `val_ocp` int(5) DEFAULT NULL,
  `val_lsp` int(5) DEFAULT NULL,
  `val_isp` int(5) DEFAULT NULL,
  `val_dip` int(5) DEFAULT NULL,
  `result` varchar(50) DEFAULT NULL,
  `isStatus` bit(1) NOT NULL DEFAULT b'0',
  `created_at` timestamp NOT NULL DEFAULT CURRENT_TIMESTAMP,
  `updated_at` timestamp NULL DEFAULT NULL ON UPDATE CURRENT_TIMESTAMP,
  PRIMARY KEY (`id_hasil`)
) ENGINE=InnoDB DEFAULT CHARSET=utf8mb4;

-- Dumping data for table solid.tbl_hasil: ~0 rows (approximately)
/*!40000 ALTER TABLE `tbl_hasil` DISABLE KEYS */;
/*!40000 ALTER TABLE `tbl_hasil` ENABLE KEYS */;


-- Dumping structure for table solid.tbl_method
CREATE TABLE IF NOT EXISTS `tbl_method` (
  `id_nom` int(11) NOT NULL AUTO_INCREMENT,
  `id_class` int(11) DEFAULT NULL,
  `id_induk` int(11) DEFAULT NULL,
  `method` varchar(50) NOT NULL,
  `param` varchar(50) NOT NULL,
  `method_parent` varchar(50) NOT NULL,
  `isNME` int(5) NOT NULL DEFAULT '0',
  `isNMO` int(5) NOT NULL DEFAULT '0',
  `created_at` timestamp NOT NULL DEFAULT CURRENT_TIMESTAMP ON UPDATE CURRENT_TIMESTAMP,
  `updated_at` timestamp NULL DEFAULT NULL ON UPDATE CURRENT_TIMESTAMP,
  PRIMARY KEY (`id_nom`),
  KEY `FK_tbl_nom_tbl_class` (`id_class`),
  CONSTRAINT `FK_tbl_nom_tbl_class` FOREIGN KEY (`id_class`) REFERENCES `tbl_class` (`id_class`) ON DELETE CASCADE
) ENGINE=InnoDB AUTO_INCREMENT=97 DEFAULT CHARSET=utf8mb4;

-- Dumping data for table solid.tbl_method: ~59 rows (approximately)
/*!40000 ALTER TABLE `tbl_method` DISABLE KEYS */;
INSERT INTO `tbl_method` (`id_nom`, `id_class`, `id_induk`, `method`, `param`, `method_parent`, `isNME`, `isNMO`, `created_at`, `updated_at`) VALUES
	(1, 16, 0, 'wizard', '', '', 0, 0, '2020-11-19 16:02:44', '2020-11-19 16:02:44'),
	(2, 16, 0, 'castspell', 'command,target', '', 0, 0, '2020-11-19 14:19:15', '2020-11-19 14:19:15'),
	(3, 16, 0, 'undolastspell', '', '', 0, 0, '2020-11-19 14:19:17', '2020-11-19 14:19:17'),
	(4, 16, 0, 'redolastspell', '', '', 0, 0, '2020-11-19 14:19:20', '2020-11-19 14:19:20'),
	(5, 16, 0, 'tostring', '', '', 0, 0, '2020-11-19 14:19:22', '2020-11-19 14:19:22'),
	(6, 20, 0, 'tostring', '', 'abstract', 0, 0, '2020-12-06 16:58:31', '2020-12-06 16:58:31'),
	(7, 20, 0, 'printstatus', '', 'concrete', 0, 0, '2020-12-06 16:58:38', '2020-12-06 16:58:38'),
	(12, 22, 21, 'execute', 'target', 'abstract', 1, 0, '2020-11-20 14:09:41', '2020-11-20 14:09:41'),
	(13, 22, 21, 'undo', '', 'abstract', 1, 0, '2020-11-20 14:09:43', '2020-11-20 14:09:43'),
	(14, 22, 21, 'redo', '', 'abstract', 1, 0, '2020-11-20 14:09:44', '2020-11-20 14:09:44'),
	(15, 22, 21, 'tostring', '', 'abstract', 1, 0, '2020-11-20 14:09:45', '2020-11-20 14:09:45'),
	(16, 24, 21, 'execute', 'target', 'abstract', 1, 0, '2020-11-20 14:09:45', '2020-11-20 14:09:45'),
	(17, 24, 21, 'undo', '', 'abstract', 1, 0, '2020-11-20 14:09:46', '2020-11-20 14:09:46'),
	(18, 24, 21, 'redo', '', 'abstract', 1, 0, '2020-11-20 14:09:46', '2020-11-20 14:09:46'),
	(19, 24, 21, 'tostring', '', 'abstract', 1, 0, '2020-11-20 14:09:48', '2020-11-20 14:09:48'),
	(53, 58, 20, 'tostring', '', 'concrete', 1, 0, '2020-11-28 14:20:21', NULL),
	(54, 58, 20, 'goblin', '', 'concrete', 0, 0, '2020-11-28 14:20:21', NULL),
	(55, 59, 0, 'close', 'void', 'abstract', 1, 0, '2020-11-28 14:23:05', NULL),
	(56, 60, 0, 'flush', 'void', 'abstract', 1, 0, '2020-11-28 14:23:59', NULL),
	(57, 61, 0, 'write', 'int,void', 'abstract', 1, 0, '2020-11-28 14:34:38', NULL),
	(58, 61, 0, 'write', 'byte,off int,len in,void', 'abstract', 1, 0, '2020-11-28 14:34:38', NULL),
	(59, 61, 0, 'write', 'byte,void', 'abstract', 1, 0, '2020-11-28 14:34:38', NULL),
	(60, 61, 0, 'flush', 'void', 'abstract', 1, 0, '2020-11-28 14:34:38', NULL),
	(61, 61, 0, 'close', 'void', 'abstract', 1, 0, '2020-11-28 14:34:38', NULL),
	(62, 62, 59, 'close', 'void', 'abstract', 1, 0, '2020-11-28 21:45:03', NULL),
	(63, 62, 59, 'flush', 'void', 'abstract', 0, 0, '2020-11-28 21:45:03', NULL),
	(64, 62, 59, 'write', 'int,void', 'abstract', 0, 0, '2020-11-28 21:45:03', NULL),
	(65, 62, 59, 'write', 'byte,void', 'abstract', 0, 0, '2020-11-28 21:45:03', NULL),
	(66, 62, 59, 'write', 'byte,off int,len int,void', 'abstract', 0, 0, '2020-11-28 21:52:32', '2020-11-28 21:52:32'),
	(67, 63, 60, 'close', 'void', 'abstract', 0, 0, '2020-11-28 21:52:32', '2020-11-28 21:52:32'),
	(68, 63, 60, 'flush', 'void', 'abstract', 0, 0, '2020-11-28 21:52:33', '2020-11-28 21:52:33'),
	(69, 63, 60, 'write', 'int,void', 'abstract', 0, 0, '2020-11-28 21:52:37', '2020-11-28 21:52:37'),
	(70, 63, 60, 'write', 'byte,void', 'abstract', 0, 0, '2020-11-28 21:52:46', '2020-11-28 21:52:46'),
	(71, 63, 60, 'write', 'byte,off int,len int,void', 'abstract', 0, 0, '2020-11-28 21:52:47', '2020-11-28 21:52:47'),
	(72, 64, 0, 'execute', 'target', 'abstract', 1, 0, '2020-12-06 17:25:02', NULL),
	(73, 64, 0, 'undo', '', 'abstract', 1, 0, '2020-12-06 17:25:02', NULL),
	(74, 64, 0, 'redo', '', 'abstract', 1, 0, '2020-12-06 17:25:02', NULL),
	(75, 64, 0, 'tostring', '', 'abstract', 1, 0, '2020-12-06 17:25:02', NULL),
	(76, 65, 0, 'execute', 'target', 'abstract', 1, 0, '2020-12-15 14:42:06', NULL),
	(77, 65, 0, 'undo', '', 'abstract', 1, 0, '2020-12-15 14:42:06', NULL),
	(78, 65, 0, 'redo', '', 'abstract', 1, 0, '2020-12-15 14:42:06', NULL),
	(79, 65, 0, 'toString', '', 'abstract', 1, 0, '2020-12-15 14:42:06', NULL),
	(80, 66, 65, 'execute', 'target', 'concrete', 1, 0, '2020-12-15 14:50:47', NULL),
	(81, 66, 65, 'undo', '', 'concrete', 1, 0, '2020-12-15 14:50:47', NULL),
	(82, 66, 65, 'redo', '', 'concrete', 1, 0, '2020-12-15 14:50:47', NULL),
	(83, 66, 65, 'toString', '', 'concrete', 1, 0, '2020-12-15 14:50:47', NULL),
	(84, 67, 65, 'execute', 'target', 'concrete', 1, 0, '2020-12-15 15:16:48', NULL),
	(85, 67, 65, 'undo', '', 'concrete', 1, 0, '2020-12-15 15:16:49', NULL),
	(86, 67, 65, 'redo', '', 'concrete', 1, 0, '2020-12-15 15:16:49', NULL),
	(87, 67, 65, 'toString', '', 'concrete', 1, 0, '2020-12-15 15:16:49', NULL),
	(88, 68, 0, 'tostring', '', 'abstract', 1, 0, '2020-12-15 15:55:11', NULL),
	(89, 68, 0, 'printstatus', '', 'concrete', 1, 0, '2020-12-15 15:55:11', NULL),
	(90, 69, 68, 'tostring', '', 'concrete', 1, 0, '2020-12-15 15:59:53', NULL),
	(91, 69, 68, 'goblin', '', 'concrete', 0, 0, '2020-12-15 15:59:53', NULL),
	(92, 70, 0, 'wizard', '', 'concrete', 1, 0, '2020-12-15 16:04:25', NULL),
	(93, 70, 0, 'castspell', 'command,target', 'concrete', 1, 0, '2020-12-16 16:11:18', '2020-12-16 16:11:18'),
	(94, 70, 0, 'undolastspell', '', 'concrete', 1, 0, '2020-12-15 16:04:26', NULL),
	(95, 70, 0, 'redolastspell', '', 'concrete', 1, 0, '2020-12-15 16:04:26', NULL),
	(96, 70, 0, 'tostring', '', 'concrete', 1, 0, '2020-12-15 16:04:26', NULL);
/*!40000 ALTER TABLE `tbl_method` ENABLE KEYS */;


-- Dumping structure for table solid.tbl_subclass
CREATE TABLE IF NOT EXISTS `tbl_subclass` (
  `id_subclass` int(11) NOT NULL AUTO_INCREMENT,
  `id_class` int(11) NOT NULL DEFAULT '0',
  `id_users` int(11) NOT NULL DEFAULT '0',
  `name_subclass` varchar(50) NOT NULL,
  `name_parent` varchar(50) NOT NULL,
  `isStatus` bit(1) NOT NULL DEFAULT b'0',
  `created_at` timestamp NOT NULL DEFAULT CURRENT_TIMESTAMP ON UPDATE CURRENT_TIMESTAMP,
  `updated_at` timestamp NULL DEFAULT NULL ON UPDATE CURRENT_TIMESTAMP,
  PRIMARY KEY (`id_subclass`),
  KEY `FK__tbl_class` (`id_class`),
  CONSTRAINT `FK__tbl_class` FOREIGN KEY (`id_class`) REFERENCES `tbl_class` (`id_class`) ON DELETE CASCADE ON UPDATE CASCADE
) ENGINE=InnoDB DEFAULT CHARSET=utf8mb4;

-- Dumping data for table solid.tbl_subclass: ~0 rows (approximately)
/*!40000 ALTER TABLE `tbl_subclass` DISABLE KEYS */;
/*!40000 ALTER TABLE `tbl_subclass` ENABLE KEYS */;


-- Dumping structure for table solid.tbl_typedata
CREATE TABLE IF NOT EXISTS `tbl_typedata` (
  `id_type` int(11) NOT NULL AUTO_INCREMENT,
  `category` enum('nom','field') NOT NULL,
  `name_type` varchar(50) NOT NULL,
  `isStatus` bit(1) NOT NULL DEFAULT b'0',
  `created_at` timestamp NOT NULL DEFAULT CURRENT_TIMESTAMP ON UPDATE CURRENT_TIMESTAMP,
  `updated_at` timestamp NULL DEFAULT NULL ON UPDATE CURRENT_TIMESTAMP,
  PRIMARY KEY (`id_type`)
) ENGINE=InnoDB DEFAULT CHARSET=utf8mb4;

-- Dumping data for table solid.tbl_typedata: ~0 rows (approximately)
/*!40000 ALTER TABLE `tbl_typedata` DISABLE KEYS */;
/*!40000 ALTER TABLE `tbl_typedata` ENABLE KEYS */;


-- Dumping structure for table solid.tbl_user
CREATE TABLE IF NOT EXISTS `tbl_user` (
  `id` int(11) NOT NULL AUTO_INCREMENT,
  `nama` varchar(255) NOT NULL,
  `username` varchar(255) NOT NULL,
  `password` varchar(255) NOT NULL,
  `email` varchar(255) NOT NULL,
  `role` varchar(255) NOT NULL,
  `created_at` datetime NOT NULL,
  `status` int(11) NOT NULL,
  PRIMARY KEY (`id`) USING BTREE
) ENGINE=InnoDB AUTO_INCREMENT=7 DEFAULT CHARSET=utf8;

-- Dumping data for table solid.tbl_user: ~3 rows (approximately)
/*!40000 ALTER TABLE `tbl_user` DISABLE KEYS */;
INSERT INTO `tbl_user` (`id`, `nama`, `username`, `password`, `email`, `role`, `created_at`, `status`) VALUES
	(3, 'iki', 'iki', '202cb962ac59075b964b07152d234b70', 'iki@mail.com', 'admin', '2020-06-20 16:17:52', 1),
	(4, 'riris', 'riris', '202cb962ac59075b964b07152d234b70', 'rishnaskr@gmail.com', 'user', '2020-06-20 16:20:45', 1),
	(6, 'riski', 'riski', '202cb962ac59075b964b07152d234b70', 'riski@gmail.com', 'user', '2020-11-13 07:20:04', 1);
/*!40000 ALTER TABLE `tbl_user` ENABLE KEYS */;


-- Dumping structure for view solid.vwisp_field
-- Creating temporary table to overcome VIEW dependency errors
CREATE TABLE `vwisp_field` (
	`id_solid` VARCHAR(50) NOT NULL COLLATE 'utf8mb4_general_ci',
	`name_class` VARCHAR(50) NOT NULL COLLATE 'utf8mb4_general_ci'
) ENGINE=MyISAM;


-- Dumping structure for view solid.vwlsp_a1
-- Creating temporary table to overcome VIEW dependency errors
CREATE TABLE `vwlsp_a1` (
	`id_solid` VARCHAR(50) NOT NULL COLLATE 'utf8mb4_general_ci',
	`id_class` INT(11) NULL,
	`name_parent` VARCHAR(50) NOT NULL COLLATE 'utf8mb4_general_ci',
	`class` VARCHAR(50) NOT NULL COLLATE 'utf8mb4_general_ci',
	`id_subclass` INT(11) NULL,
	`subclass` VARCHAR(50) NOT NULL COLLATE 'utf8mb4_general_ci',
	`method` VARCHAR(50) NOT NULL COLLATE 'utf8mb4_general_ci',
	`isNME` INT(5) NOT NULL,
	`isNMO` INT(5) NOT NULL
) ENGINE=MyISAM;


-- Dumping structure for view solid.vwlsp_b1
-- Creating temporary table to overcome VIEW dependency errors
CREATE TABLE `vwlsp_b1` (
	`id_solid` VARCHAR(50) NOT NULL COLLATE 'utf8mb4_general_ci',
	`id_class` INT(11) NULL,
	`class` VARCHAR(50) NOT NULL COLLATE 'utf8mb4_general_ci',
	`name_parent` VARCHAR(50) NOT NULL COLLATE 'utf8mb4_general_ci',
	`subclass` VARCHAR(50) NOT NULL COLLATE 'utf8mb4_general_ci',
	`method` VARCHAR(50) NULL COLLATE 'utf8mb4_general_ci',
	`method_parent` VARCHAR(50) NULL COLLATE 'utf8mb4_general_ci'
) ENGINE=MyISAM;


-- Dumping structure for view solid.vwlsp_class
-- Creating temporary table to overcome VIEW dependency errors
CREATE TABLE `vwlsp_class` (
	`id_solid` VARCHAR(50) NOT NULL COLLATE 'utf8mb4_general_ci',
	`class` VARCHAR(50) NOT NULL COLLATE 'utf8mb4_general_ci',
	`id_class` INT(11) NULL,
	`method` VARCHAR(50) NOT NULL COLLATE 'utf8mb4_general_ci'
) ENGINE=MyISAM;


-- Dumping structure for view solid.vwlsp_subclass
-- Creating temporary table to overcome VIEW dependency errors
CREATE TABLE `vwlsp_subclass` (
	`id_solid` VARCHAR(50) NOT NULL COLLATE 'utf8mb4_general_ci',
	`id_class` INT(11) NULL,
	`class` VARCHAR(50) NOT NULL COLLATE 'utf8mb4_general_ci',
	`id_subclass` INT(11) NULL,
	`subclass` VARCHAR(50) NOT NULL COLLATE 'utf8mb4_general_ci',
	`method` VARCHAR(50) NOT NULL COLLATE 'utf8mb4_general_ci'
) ENGINE=MyISAM;


-- Dumping structure for view solid.vwmethod
-- Creating temporary table to overcome VIEW dependency errors
CREATE TABLE `vwmethod` (
	`id_solid` VARCHAR(50) NULL COLLATE 'utf8mb4_general_ci',
	`id_class` INT(11) NULL,
	`method` VARCHAR(50) NOT NULL COLLATE 'utf8mb4_general_ci',
	`param` VARCHAR(50) NOT NULL COLLATE 'utf8mb4_general_ci',
	`total` BIGINT(12) NOT NULL
) ENGINE=MyISAM;


-- Dumping structure for view solid.vw_lsp
-- Creating temporary table to overcome VIEW dependency errors
CREATE TABLE `vw_lsp` (
	`id_solid` VARCHAR(50) NOT NULL COLLATE 'utf8mb4_general_ci',
	`class` VARCHAR(50) NOT NULL COLLATE 'utf8mb4_general_ci',
	`subclass` VARCHAR(50) NOT NULL COLLATE 'utf8mb4_general_ci',
	`nmik` DECIMAL(23,0) NULL,
	`nmia` DECIMAL(23,0) NULL,
	`nme` DECIMAL(23,0) NULL,
	`nmo` DECIMAL(23,0) NULL,
	`clsp` VARCHAR(5) NULL COLLATE 'utf8mb4_general_ci'
) ENGINE=MyISAM;


-- Dumping structure for view solid.vw_lsp_a
-- Creating temporary table to overcome VIEW dependency errors
CREATE TABLE `vw_lsp_a` (
	`id_solid` VARCHAR(50) NOT NULL COLLATE 'utf8mb4_general_ci',
	`class` VARCHAR(50) NOT NULL COLLATE 'utf8mb4_general_ci',
	`subclass` VARCHAR(50) NOT NULL COLLATE 'utf8mb4_general_ci',
	`nme` DECIMAL(23,0) NULL,
	`nmo` DECIMAL(23,0) NULL
) ENGINE=MyISAM;


-- Dumping structure for view solid.vw_lsp_b
-- Creating temporary table to overcome VIEW dependency errors
CREATE TABLE `vw_lsp_b` (
	`id_solid` VARCHAR(50) NOT NULL COLLATE 'utf8mb4_general_ci',
	`class` VARCHAR(50) NOT NULL COLLATE 'utf8mb4_general_ci',
	`subclass` VARCHAR(50) NOT NULL COLLATE 'utf8mb4_general_ci',
	`nmik` DECIMAL(23,0) NULL,
	`nmia` DECIMAL(23,0) NULL
) ENGINE=MyISAM;


-- Dumping structure for view solid.vwisp_field
-- Removing temporary table and create final VIEW structure
DROP TABLE IF EXISTS `vwisp_field`;
CREATE  VIEW `vwisp_field` AS SELECT id_solid,name_class from tbl_class
where name_parent = 'interface' ;


-- Dumping structure for view solid.vwlsp_a1
-- Removing temporary table and create final VIEW structure
DROP TABLE IF EXISTS `vwlsp_a1`;
CREATE  VIEW `vwlsp_a1` AS select d.id_solid,lamp.id_class as id_class,d.name_parent, d.class_induk as class , m.id_class as id_subclass,d.name_class as subclass,m.method, m.isNME , m.isNMO
from tbl_method m
left join tbl_method lamp ON lamp.id_class = m.id_induk
inner join tbl_class d on d.id_class = m.id_class
group by m.id_class,m.method ;


-- Dumping structure for view solid.vwlsp_b1
-- Removing temporary table and create final VIEW structure
DROP TABLE IF EXISTS `vwlsp_b1`;
CREATE  VIEW `vwlsp_b1` AS SELECT u.id_solid,
m.id_class, 
u.class_induk as class,
u.name_parent, 
u.name_class as subclass , 
m.method,
m.method_parent
FROM tbl_class AS u
inner JOIN tbl_class as temp ON temp.name_class = u.class_induk
left JOIN tbl_method m ON m.id_class = temp.id_class
GROUP BY u.id_solid,u.name_class,m.method ;


-- Dumping structure for view solid.vwlsp_class
-- Removing temporary table and create final VIEW structure
DROP TABLE IF EXISTS `vwlsp_class`;
CREATE  VIEW `vwlsp_class` AS select c.id_solid,c.class_induk as class,temp.id_class as id_class , temp.method
from tbl_method u
inner join tbl_method temp ON temp.id_class = u.id_induk
inner join tbl_class c on c.id_class = u.id_class
group by c.class_induk,temp.method ;


-- Dumping structure for view solid.vwlsp_subclass
-- Removing temporary table and create final VIEW structure
DROP TABLE IF EXISTS `vwlsp_subclass`;
CREATE  VIEW `vwlsp_subclass` AS select d.id_solid,lamp.id_class as id_class,d.class_induk as class , m.id_class as id_subclass,d.name_class as subclass,m.method
from tbl_method m
inner join tbl_method lamp ON lamp.id_class = m.id_induk
inner join tbl_class d on d.id_class = m.id_class
group by m.id_class,m.method ;


-- Dumping structure for view solid.vwmethod
-- Removing temporary table and create final VIEW structure
DROP TABLE IF EXISTS `vwmethod`;
CREATE  VIEW `vwmethod` AS SELECT 
	c.id_solid,
  m.id_class,
  method, 
  param, 
  CASE WHEN param IS NULL OR param = '' THEN CHAR_LENGTH(param) +1 ELSE (CHAR_LENGTH(param) - CHAR_LENGTH(REPLACE(param, ',', '')) + 2) END AS total
FROM tbl_method m
left join tbl_class c on c.id_class = m.id_class ;


-- Dumping structure for view solid.vw_lsp
-- Removing temporary table and create final VIEW structure
DROP TABLE IF EXISTS `vw_lsp`;
CREATE  VIEW `vw_lsp` AS select b.* , c.nme,c.nmo,
case when c.nme = b.nmia then 'YA' else 'TIDAK' end clsp
from vw_lsp_b b
left join vw_lsp_a c ON c.class = b.class
group by b.id_solid,b.class,b.subclass ;


-- Dumping structure for view solid.vw_lsp_a
-- Removing temporary table and create final VIEW structure
DROP TABLE IF EXISTS `vw_lsp_a`;
CREATE  VIEW `vw_lsp_a` AS select id_solid,class,subclass,
sum(case when la.isNME = 1 and la.isNMO = 0 then 1 else 0 end) nme,
sum(case when la.isNME = 0 and la.isNMO = 2 then 1 else 0 end) nmo
from vwlsp_a1 la
group by id_subclass ;


-- Dumping structure for view solid.vw_lsp_b
-- Removing temporary table and create final VIEW structure
DROP TABLE IF EXISTS `vw_lsp_b`;
CREATE  VIEW `vw_lsp_b` AS SELECT id_solid, class ,subclass,
sum(case when method_parent = 'concrete' then 1 else 0 end) nmik,
sum(case when method_parent = 'abstract' then 1 else 0 end) nmia
from vwlsp_b1 tab1
group by id_solid,class,subclass
order by class,subclass desc ;
/*!40101 SET SQL_MODE=IFNULL(@OLD_SQL_MODE, '') */;
/*!40014 SET FOREIGN_KEY_CHECKS=IF(@OLD_FOREIGN_KEY_CHECKS IS NULL, 1, @OLD_FOREIGN_KEY_CHECKS) */;
/*!40101 SET CHARACTER_SET_CLIENT=@OLD_CHARACTER_SET_CLIENT */;
